{"stats":{"minecraft:used":{"minecraft:leather_leggings":1,"minecraft:dirt":1,"minecraft:suspicious_stew":2,"minecraft:trapped_chest":2},"minecraft:mined":{"minecraft:grass_block":1,"minecraft:sand":1,"minecraft:oak_leaves":1},"minecraft:dropped":{"minecraft:bowl":2},"minecraft:custom":{"minecraft:open_barrel":2,"minecraft:time_since_rest":7213,"minecraft:open_chest":2,"minecraft:crouch_one_cm":156,"minecraft:play_time":7213,"minecraft:sprint_one_cm":10533,"minecraft:damage_taken":140,"minecraft:walk_one_cm":4820,"minecraft:sneak_time":1015,"minecraft:trigger_trapped_chest":3,"minecraft:walk_under_water_one_cm":847,"minecraft:mob_kills":1,"minecraft:drop":2,"minecraft:jump":72,"minecraft:damage_dealt":118,"minecraft:interact_with_blast_furnace":1,"minecraft:leave_game":1,"minecraft:time_since_death":7213,"minecraft:walk_on_water_one_cm":2859,"minecraft:interact_with_smoker":1,"minecraft:total_world_time":7213,"minecraft:swim_one_cm":5489,"minecraft:fall_one_cm":1947,"minecraft:fly_one_cm":206645},"minecraft:picked_up":{"minecraft:sand":1,"minecraft:dirt":1}},"DataVersion":3465}